{"cameraMode":{"drawMode":0,"name":"Shaded","section":"Shading Mode"},"sceneLighting":false,"audioPlay":false,"sceneViewState":{"showFog":true,"showMaterialUpdate":false,"showSkybox":false,"showFlares":true,"showImageEffects":true,"showParticleSystems":true},"in2DMode":false,"pivot":{"x":5.960464477539063e-8,"y":0.8587385416030884,"z":3.762941360473633},"rotation":{"x":-0.007611478213220835,"y":-0.7102463841438294,"z":0.00767424376681447,"w":-0.7038757801055908},"size":10.200453758239746,"orthographic":true}