{"cameraMode":{"drawMode":0,"name":"Shaded","section":"Shading Mode"},"sceneLighting":false,"audioPlay":false,"sceneViewState":{"showFog":true,"showMaterialUpdate":false,"showSkybox":false,"showFlares":true,"showImageEffects":true,"showParticleSystems":true},"in2DMode":false,"pivot":{"x":2.2478485107421877,"y":-2.22119140625,"z":3.46630859375},"rotation":{"x":0.12605269253253938,"y":0.8532217741012573,"z":-0.4445301592350006,"w":0.24193133413791657},"size":4.668320655822754,"orthographic":true}