{"cameraMode":{"drawMode":0,"name":"Shaded","section":"Shading Mode"},"sceneLighting":false,"audioPlay":false,"sceneViewState":{"showFog":true,"showMaterialUpdate":false,"showSkybox":false,"showFlares":true,"showImageEffects":true,"showParticleSystems":true},"in2DMode":false,"pivot":{"x":3.0,"y":1.1149187088012696,"z":3.630842685699463},"rotation":{"x":-0.02031048573553562,"y":-0.708936870098114,"z":0.020426275208592416,"w":-0.7046887874603272},"size":12.644244194030762,"orthographic":true}