{"cameraMode":{"drawMode":0,"name":"Shaded","section":"Shading Mode"},"sceneLighting":false,"audioPlay":false,"sceneViewState":{"showFog":true,"showMaterialUpdate":false,"showSkybox":false,"showFlares":true,"showImageEffects":true,"showParticleSystems":true},"in2DMode":false,"pivot":{"x":12.916770935058594,"y":-2.0152816772460939,"z":0.1013253927230835},"rotation":{"x":-0.007809122558683157,"y":0.0020971326157450678,"z":-0.0000166122626978904,"w":-0.9999701380729675},"size":56.94820785522461,"orthographic":true}